<?xml version="1.0" encoding="UTF-8"?>

<!DOCTYPE mapper
  PUBLIC "-//mybatis.org//DTD Mapper 3.0//EN"
  "http://mybatis.org/dtd/mybatis-3-mapper.dtd">
  
<mapper namespace="com.blog.mapper.ReplyMapper">

	<insert id="rewrite">
		insert into reply(reply,id,uid)
		values(#{reply},#{id},#{uid})
	</insert>
	
	<select id="list" resultType="com.blog.model.ReplyVO">
		select *
		from(
			select @rownum:=@rownum+1 rownum, b.*
			from reply b, (select @rownum:=0) as tmp
		    where uid=#{uid}
			order by uid desc
		) as boardlist
		<![CDATA[
		where rownum > (#{cri.pageNum}-1)*#{cri.amount} and rownum <= #{cri.pageNum}*#{cri.amount}
		]]>
	</select>
	<select id="rpycnt" resultType="int">
		select count(*) from reply where uid=#{uid}
	</select>
	<update id="modify">
		update reply
		set reply = #{reply}
		where rno = #{rno}
	</update>
	
	<delete id="remove">
		delete from reply
		where rno=#{rno}
	</delete>
	
</mapper>